社員ID,姓,セイ,family_name,名,メイ,first_name,性別,住所,生年月日,所属課
10008,須賀,スガ,suga,美智子(ミチコ),ミチコ,michiko,女,9230076 石川県 小松市 麦口町,1988-12-31,営業四課
10031,松島,マツシマ,matsushima,薫(- 名),カオル,kaoru,女,0280533 岩手県 遠野市 綾織町上綾織,2000-09-09,営業二課
10074,川田,ｶﾜﾀ,kawata,有海,アミ,Ami,女,5094203 岐阜県 飛騨市 古川町袈裟丸,1976-10-23,営業一課
10083,菊地,キクチ,kikuchi,真悠子,マユコ,Mayuko,女,5091103 岐阜県 加茂郡白川町 水戸野,1991-02-17,営業二課
10171,山元,ヤマモト,yamamoto,誠治,セイジ,seiji,男,1760002 東京都 練馬区 桜台,1998-07-29,営業一課
10204,日下,ﾋﾉｼﾀ,hinoshita,誠治,セイジ,seiji,男,7510881 山口県 下関市 井田,1998-07-29,営業一課
10219,永田,ナガタ,nagata,早紀,サキ,saki,女,9040415 沖縄県 国頭郡恩納村 仲泊,1971-06-22,営業二課
10230,小椋,ｵｸﾞﾗ,ogura,恵子,ケイコ,keiko,女,5016082 岐阜県 羽島郡笠松町 春日町,1970-02-17,営業一課
10240,武内,タケウチ,takeuchi,孝太郎,コウタロウ,Koutarou,男,3200846 栃木県 宇都宮市 滝の原,1980-03-31,営業四課
10249,滝川,タキガワ,tavkigawa,莉央,リオ,rio,女,9930061 山形県 長井市 寺泉,1981-05-11,営業五課
10280,ト字,ﾄｼﾞ,toji,祐一,ユウイチ,yuuichi,男,9060008 沖縄県 宮古島市 平良荷川取,1989-06-02,営業一課
10357,境,サカイ,sakai,景子,ケイコ,Keiko,女,6770104 兵庫県 多可郡多可町 八千代区横屋,1978-08-30,営業三課
10363,寺尾,テラオ,terao,里穂,リホ,riho,女,9813321 宮城県 富谷市 大童,1979-06-25,営業四課
10390,神原,ｶﾝﾊﾞﾗ,kannbara,寛治,カンジ,kanji,男,8850091 宮崎県 都城市 横市町,1972-11-19,営業五課
10393,片平,カタヒラ,katahira,妃里(名),ユリ,yuri,女,6693602 兵庫県 丹波市 氷上町常楽,1984-07-04,営業三課
10463,畑中,ハタナカ,hatanaka,光洋,ミツヒロ,Mitsuhiro,男,9391747 富山県 南砺市 山田,1995-11-28,営業四課
10479,多岐川,タキガワ,takigawa,建(ケン),ケン,ken,男,6693404 兵庫県 丹波市 春日町牛河内,1991-08-16,営業三課
10495,金山,カナヤマ,kanayama,晃司,コウジ,kouji,男,8500977 長崎県 長崎市 土井首町,1968-07-14,営業一課
10496,梅村,ウメムラ,umemura,(名前)理紗,リサ,risa,女,1066124 東京都 港区 六本木六本木ヒルズ森タワー,1999-05-09,営業二課
10554,木原,ｷﾊﾗ,kihara,夏希,ナツキ,natsuki,女,6694252 兵庫県 丹波市 春日町下三井庄,1976-01-28,営業三課
10588,大田,オオタ,oota,勇,ユウ,Yuu,女,7530243 山口県 山口市 大内姫山台,1977-10-25,営業一課
10605,梅村,ウメムラ,umemura,幸子,サチコ,sachiko,女,1416011 東京都 品川区 大崎ＴｈｉｎｋＰａｒｋＴｏｗｅｒ,1978-07-15,営業四課
10799,山本,ﾔﾏﾓﾄ,yamamoto,ひとみ,ヒトミ,hitomi,女,6894505 鳥取県 日野郡日野町 舟場,2001-04-24,営業五課
10810,斎藤,ｻｲﾄｳ,saitou,涼,リョウ,ryou,女,3190311 茨城県 水戸市 牛伏町,1999-03-30,営業一課
10822,井手,イデ,ide,景子,ケイコ,keiko,女,7540512 山口県 美祢市 秋芳町岩永本郷,1999-06-30,営業二課
10831,神山,カミヤマ,kamiyama,里穂(リホ),リホ,riho,女,1960025 東京都 昭島市 朝日町,1974-07-27,営業五課
10836,金児,カネコ,kaneko,恵梨香,エリカ,erika,女,6890222 鳥取県 鳥取市 気高町日光,1990-07-29,営業四課
10901,中村,ナカムラ,nakamura,徹平(テッペイ),テッペイ,Teppei,男,2470013 神奈川県 横浜市栄区 上郷町,1988-08-15,営業三課
10962,おかやま,オカヤマ,okayama,孝太郎,コウタロウ,koutarou,男,5180418 三重県 名張市 富貴ケ丘５番町,1988-04-01,営業二課
10977,澤田,サワダ,sawada,美智子,ミチコ,michiko,女,1630436 東京都 新宿区 西新宿新宿三井ビル,1972-09-25,営業四課
11031,松沢,マツザワ,matsuzawa,育二,イクジ,ikuji,男,7981343 愛媛県 北宇和郡鬼北町 近永,1972-08-05,営業二課
11038,村松,ムラマツ,muramatsu,倫子,ノリコ,Noriko,女,6562126 兵庫県 洲本市 安乎町宮野原,1986-10-08,営業二課
11090,瀬尾,セオ,seo,紗季,サキ,saki,女,5110002 三重県 桑名市 福島,1973-04-06,営業五課
11104,塩谷,ｼｵﾔ,shioya,華子,ハナコ,hanako,女,5100863 三重県 四日市市 磯津,2000-07-09,営業二課
11106,児玉,コダマ,kodama,薫(カオル),カオル,kaoru,男,9992253 山形県 南陽市 宮崎,1996-08-24,営業四課
11112,須賀,ｽｶﾞ,suga,涼,リョウ,ryou,女,8612232 熊本県 上益城郡益城町 馬水,1970-12-29,営業四課
11176,有田,アリタ,arita,恵子(ケイコ),ケイコ,keiko,女,1230841 東京都 足立区 西新井,1970-02-28,営業二課
11207,木戸,ｷﾄﾞ,kido,まさし,マサシ,masashi,男,5690021 大阪府 高槻市 前島,1968-03-01,営業四課
11261,哀川,アイカワ,aikawa,有海,アミ,Ami,女,2994332 千葉県 長生郡長生村 金田,1973-02-08,営業三課
11324,増田,ﾏｽﾀﾞ,masuda,まなみ(マナミ),マナミ,Manami,女,8820092 宮崎県 延岡市 宮長町,1992-03-31,営業三課
11342,安倍,アベ,abe,亮,リョウ,ryou,男,9872147 宮城県 栗原市 高清水観音沢,1992-02-03,営業三課
11357,田端,ﾀﾊﾞﾀ,tabata,一徳,イットク,ittoku,男,6101104 京都府 京都市西京区 大枝中山町,1974-09-20,営業二課
11383,川島,カワシマ,kawashima,光良,テルヨシ,teruyoshi,男,9640015 福島県 二本松市 板目沢,1970-03-03,営業五課
11455,河合,カワイ,kawai,勇,ユウ,Yuu,女,6008449 京都府 京都市下京区 富永町,1982-05-04,営業二課
11464,水島,ﾐｽﾞｼﾏ,mizushima,朝陽(アサヒ),アサヒ,asahi,女,6150085 京都府 京都市右京区 山ノ内中畑町,1981-01-15,営業二課
11541,喜多,ｷﾀ,kita,麗奈,レナ,rena,女,4040042 山梨県 甲州市 塩山上於曽,1993-07-23,営業三課
11572,早川,ハヤカワ,hayakawa,祐一,ユウイチ,yuuichi,男,8760047 大分県 佐伯市 鶴岡西町,2000-06-08,営業一課
11623,溝口,ミゾグチ,mizoguchi,沙知絵,サチエ,Sachie,女,6390251 奈良県 香芝市 逢坂,1976-08-05,営業一課
11627,多岐川,タキガワ,takigawa,人志,ヒトシ,hitoshi,男,6210018 京都府 亀岡市 大井町小金岐,1990-02-16,営業一課
11632,戸塚,トヅカ,toduka,文世,フミヨ,Fumiyo,女,7160102 岡山県 高梁市 成羽町上日名,1989-06-28,営業二課
11670,神崎,ｶﾝｻﾞｷ,kanzaki,怜奈,レイナ,reina,女,7840033 高知県 安芸市 赤野甲,1995-07-19,営業一課
11739,水嶋,ミズシマ,mizushima,知世,チセ,Chise,女,5150812 三重県 松阪市 船江町,1968-04-27,営業五課
11837,大倉,ｵｵｸﾗ,ookura,璃子,リコ,riko,女,7810245 高知県 高知市 長浜蒔絵台,1997-05-04,営業五課
11894,大島,ｵｵｼﾏ,ooshima,人志,ヒトシ,hitoshi,男,5150045 三重県 松阪市 駅部田町,1987-11-03,営業五課
11900,菊地,キクチ,kikuchi,敦,アツシ,atsushi,男,5730005 大阪府 枚方市 池之宮,1992-11-17,営業一課
11928,松下,マツシタ,matsushita,恵梨香,エリカ,erika,女,9390341 富山県 射水市 三ケ,1991-03-14,営業三課
11971,北川,キタガワ,kitagawa,光洋,ミツヒロ,Mitsuhiro,男,7440001 山口県 下松市 笠戸島,1985-07-24,営業二課
11973,川田,カワタ,kawata,なつみ,ナツミ,Natsumi,女,6148082 京都府 八幡市 八幡菖蒲池,1992-10-06,営業三課
11988,安達,アダチ,adachi,(名:)理紗,リサ,risa,女,5193602 三重県 尾鷲市 天満浦,1968-05-17,営業四課
12006,橋本,ﾊｼﾓﾄ,hashimoto,一,ハジメ,Hajime,男,5020924 岐阜県 岐阜市 旦島宮町,1991-01-28,営業一課
12082,朝倉,ｱｻｸﾗ,asakura,ひろ子,ヒロコ,hiroko,女,6460029 和歌山県 田辺市 東陽,2001-11-05,営業一課
12180,向井,ムライ,murai,美智子,ミチコ,michiko,女,9920053 山形県 米沢市 松が岬,1991-05-30,営業三課
12240,井手,イデ,ide,賢治,ケンジ,kenji,男,6350152 奈良県 高市郡高取町 上土佐,1971-11-27,営業二課
12273,尾形,オガタ,ogata,玲那,レナ,Rena,女,7580043 山口県 萩市 上五間町,1982-09-29,営業一課
12293,畑中,ﾊﾀﾅｶ,hatanaka,涼,リョウ,ryou,女,2640031 千葉県 千葉市若葉区 愛生町,1984-07-07,営業二課
12308,北川,キタガワ,kitagawa,(名:)怜奈,レイナ,reina,女,6638015 兵庫県 西宮市 野間町,2001-11-06,営業一課
12326,早坂,ハヤサカ,hayasaka,莉央,リオ,rio,女,5230026 滋賀県 近江八幡市 上畑町,1984-05-17,営業二課
12345,河合,ｶﾜｲ,kawai,照生,テルオ,teruo,男,6078062 京都府 京都市山科区 音羽珍事町,1980-04-25,営業二課
12358,八木,ヤギ,yagi,功補,コウスケ,kousuke,男,9860872 宮城県 石巻市 田道町,1971-10-28,営業一課
12375,寺島,ﾃﾗｼﾞﾏ,terajima,沙耶,サヤ,Saya,女,8891803 宮崎県 都城市 山之口町山之口,1989-02-10,営業三課
12383,仲村,ﾅｶﾑﾗ,nakamura,一徳,イットク,ittoku,男,2992507 千葉県 南房総市 大井,1993-07-30,営業二課
12450,塚原,ツカハラ,tsukahara,恭子,キョウコ,kyouko,女,9320315 富山県 砺波市 庄川町示野,1971-06-08,営業一課
12474,前川,マエカワ,maekawa,優,ユウ,yuu,男,6800436 鳥取県 八頭郡八頭町 山路,1968-09-28,営業二課
12508,前川,マエカワ,maekawa,崇史,タカシ,Takashi,男,5610884 大阪府 豊中市 岡町北,1999-06-05,営業五課
12548,松下,ﾏﾂｼﾀ,matsushita,妃里,ユリ,yuri,女,9902333 山形県 山形市 蔵王飯田,1976-10-31,営業五課
12568,河田,カワタ,kawata,奈々,ナナ,nana,女,6008207 京都府 京都市下京区 上之町,1979-01-25,営業四課
12595,北,ｷﾀ,kita,信吾,シンゴ,shingo,男,9300081 富山県 富山市 本丸,1978-10-07,営業一課
12609,川井,カワイ,kawai,晋也,シンヤ,shinya,男,9370835 富山県 魚津市 大熊,1979-08-03,営業二課
12668,手塚,テヅカ,teduka,優,ユウ,yuu,女,6038484 京都府 京都市北区 衣笠氷室町,1982-03-04,営業四課
12701,長澤,ナガサワ,nagasawa,路子(ミチコ),ミチコ,michiko,女,9301274 富山県 富山市 大双嶺,1998-01-16,営業二課
12776,とよた,ﾄﾖﾀ,toyota,まなみ,マナミ,Manami,女,0287564 岩手県 八幡平市 谷地田,2000-02-27,営業四課
12790,坂元,サカモト,syakamoto,真悠子,マユコ,mayuko,女,5610844 大阪府 豊中市 利倉西,1975-06-14,営業一課
12801,鶴岡,ツルオカ,tsuruoka,さやか,サヤカ,sayaka,女,7890314 高知県 長岡郡大豊町 日浦,1978-05-10,営業五課
12817,とよた,ﾄﾖﾀ,toyota,崇史,タカシ,Takashi,男,6752243 兵庫県 加西市 中西町,1990-04-23,営業三課
12822,安藤,アンドウ,anndou,沙知絵,サチエ,sachie,女,9810301 宮城県 東松島市 牛網,1995-05-11,営業三課
12858,坂元,サカモト,sakamoto,了(リョウ),リョウ,Ryou,男,5093201 岐阜県 高山市 久々野町大西,1972-08-06,営業三課
12882,山元,ヤマモト,yamamoto,ヒカル,ヒカル,hikaru,女,5010628 岐阜県 揖斐郡揖斐川町 新宮,1979-06-22,営業五課
12904,本田,ﾎﾝﾀﾞ,honnda,賢二,ケンジ,Kenji,男,8760843 大分県 佐伯市 中の島,1996-11-28,営業一課
12938,哀川,アイカワ,aikawa,憲一,ケンイチ,Kenichi,男,6370092 奈良県 五條市 岡町,1981-04-30,営業三課
13080,安部,アベ,abe,明,アキラ,Akira,男,8574707 長崎県 北松浦郡小値賀町 班島郷,1972-09-30,営業五課
13135,藤沢,フジサワ,fujisawa,育二(イクジ),イクジ,Ikuji,男,4000316 山梨県 南アルプス市 中野,1978-10-30,営業五課
13169,安倍,ｱﾍﾞ,abe,精児,セイジ,seiji,男,7692604 香川県 東かがわ市 西村,1981-05-10,営業三課
13176,大倉,オオクラ,ookura,一,ハジメ,hajime,男,5100874 三重県 四日市市 河原田町,1992-06-11,営業二課
13208,井手,イデ,ide,直人,ナオト,Naoto,男,1810011 東京都 三鷹市 井口,1973-04-20,営業一課
13231,阪本,サカモト,sakamdoto,美優,ミュウ,Myuu,女,5130018 三重県 鈴鹿市 上田町,1996-11-01,営業三課
13259,小島,コジマ,kojima,育二,イクジ,Ikuji,男,3812222 長野県 長野市 金井田,1983-11-21,営業五課
13294,臼井,ウスイ,usui,敦,アツシ,atsushi,男,0368211 青森県 弘前市 相良町,1974-05-19,営業二課
13327,高畑,タカバタ,takabata,(名前)功補,コウスケ,kousuke,男,9650128 福島県 会津若松市 北会津町十二所,1976-03-31,営業二課
13361,竹中,ﾀｹﾅｶ,takenaka,晋也,シンヤ,Shinya,男,5008315 岐阜県 岐阜市 島田東町,1976-02-07,営業一課
13367,浦野,ウラノ,urano,宏行,ヒロユキ,hiroyuki,男,5960801 大阪府 岸和田市 箕土路町,1988-09-09,営業四課
13380,小玉,コダマ,kodama,莉央,リオ,Rio,女,9806027 宮城県 仙台市青葉区 中央ＳＳ３０住友生命仙台中央ビル,1998-11-04,営業三課
13401,永島,ナガシマ,nagashima,晃司,コウジ,Kouji,男,6008320 京都府 京都市下京区 福本町,1995-04-23,営業五課
13410,河野,ｺｳﾉ,kouno,七世,ナナセ,nanase,女,6730435 兵庫県 三木市 別所町高木,1975-12-17,営業四課
13417,臼井,ウスイ,usui,敦,アツシ,Atsushi,男,5900073 大阪府 堺市堺区 南向陽町,1978-09-21,営業二課
13421,日下,ヒノシタ,hinoshita,隼士(下の名前),シュンジ,shunji,男,8570051 長崎県 佐世保市 浜田町,1978-01-25,営業五課
13438,朝倉,ｱｻｸﾗ,asakura,(名前)有海,アミ,Ami,女,8113516 福岡県 宗像市 公園通り,1986-08-10,営業二課
13439,山内,ヤマノウチ,yamanouchi,正敏,マサトシ,masatoshi,男,8780201 大分県 竹田市 久住町久住,1968-06-25,営業五課
13479,小山,オヤマ,oyama,浩太郎(- 名),コウタロウ,koutarou,男,6011425 京都府 京都市伏見区 日野田中町,1982-06-30,営業五課
13536,大島,オオシマ,ooshima,博之,ヒロユキ,hiroyuki,男,9230004 石川県 小松市 長崎町,1978-12-02,営業五課
13592,酒井,サカイ,sakai,一徳,イットク,ittoku,男,7094324 岡山県 勝田郡勝央町 為本,1974-10-07,営業二課
13595,河田,ｶﾜﾀ,kawata,夏希,ナツキ,natsuki,女,3240605 栃木県 那須郡那珂川町 大内,1987-01-16,営業五課
13625,溝口,ミゾグチ,mizzoguchi,サンタマリア,サンタマリア,Stmaria,男,1010041 東京都 千代田区 神田須田町,1983-11-25,営業四課
13626,高畑,ﾀｶﾊﾀ,takahata,育子,イクコ,Ikuko,女,9300336 富山県 中新川郡上市町 松和町,1998-12-05,営業五課
13683,瀬尾,セオ,seo,紗季,サキ,saki,女,3888002 長野県 長野市 篠ノ井東福寺,1972-11-06,営業二課
13704,安倍,ｱﾍﾞ,abe,祐一,ユウイチ,yuuichi,男,8800007 宮崎県 宮崎市 原町,1985-06-16,営業三課
13709,河西,ｶﾜﾆｼ,kawanishi,瞬,シュン,Shun,女,9230181 石川県 小松市 長谷町,1977-06-29,営業三課
13721,澤田,サワダ,sawada,隆,タカシ,takashi,男,9637708 福島県 田村郡三春町 栗林,1986-06-11,営業五課
13822,村松,ムラマツ,muramatsu,守,マモル,mamoru,男,5670805 大阪府 茨木市 橋の内,2000-11-28,営業三課
13842,深井,フカイ,fukai,奈々(ナナ),ナナ,nana,女,3040050 茨城県 下妻市 亀崎,1970-09-15,営業三課
13915,峰,ミネ,mine,慶二,ケイジ,Keiji,男,7816438 高知県 安芸郡安田町 小川,1987-04-29,営業五課
14001,安倍,ｱﾍﾞ,abe,博之(_名前),ヒロユキ,hiroyuki,男,0382818 青森県 つがる市 森田町大館,1980-02-09,営業五課
14054,安達,アダチ,adachi,将也,マサヤ,masaya,男,5780982 大阪府 東大阪市 吉田本町,1968-01-21,営業二課
14065,多岐川,ﾀｷｶﾞﾜ,takigawa,(名-)ひとみ,ヒトミ,hitomi,女,2701506 千葉県 印旛郡栄町 龍角寺,1983-05-24,営業三課
14068,秋本,アキモト,akimoto,祐一(_名前),ユウイチ,yuuichi,男,1420043 東京都 品川区 二葉,1995-03-11,営業四課
14111,北,キタ,kita,沙耶,サヤ,Saya,女,5110843 三重県 桑名市 太平町,1990-02-18,営業三課
14150,久保田,クボタ,kubota,亮,リョウ,ryou,男,0260412 岩手県 釜石市 栗林町,1989-02-02,営業四課
14152,葛西,カサイ,kasai,(名前)莉緒,リオ,rio,女,6008040 京都府 京都市下京区 安土町,1988-05-14,営業一課
14181,西井,ﾆｼｲ,nishii,涼,リョウ,ryou,女,7984205 愛媛県 南宇和郡愛南町 船越,1972-01-27,営業五課
14184,高樹,ﾀｶｷﾞ,takagi,耕司,コウジ,kouji,男,7090861 岡山県 岡山市東区 瀬戸町瀬戸,1970-08-21,営業四課
14192,土居,ドイ,doi,恵美(下の名前),メグミ,Megumi,女,2510053 神奈川県 藤沢市 本町,1984-10-09,営業五課
14217,妹尾,セオ,seo,瞬,シュン,shun,男,6200004 京都府 福知山市 川北,1997-01-07,営業五課
14235,井出,イデ,ide,宏,ヒロシ,Hiroshi,男,5010611 岐阜県 揖斐郡揖斐川町 小谷,1981-06-20,営業二課
14266,深井,フカイ,fukai,直人(_名前),ナオト,Naoto,男,1540014 東京都 世田谷区 新町,1978-12-14,営業五課
14328,萩原,ﾊｷﾞﾜﾗ,hagiwara,勇,ユウ,Yuu,女,6078498 京都府 京都市山科区 日ノ岡石塚町,1972-03-06,営業二課
14421,上山,カミヤマ,kamiyama,早紀,サキ,Saki,女,0300113 青森県 青森市 第二問屋町,1976-04-11,営業四課
14494,井手,イデ,ide,慶二,ケイジ,keiji,男,6760814 兵庫県 高砂市 春日野町,1994-02-06,営業三課
14504,志水,シミズ,shimizu,勇,ユウ,yuu2,女,6290163 京都府 南丹市 八木町玉ノ井,1997-10-05,営業三課
14557,熊谷,クマガヤ,kumagaya,隼士,シュンジ,shunji,男,5150823 三重県 松阪市 阿形町,1985-09-04,営業五課
14580,高畑,ﾀｶﾊﾀ,takahata,みき,ミキ,miki,女,5031612 岐阜県 大垣市 上石津町谷畑,1986-09-01,営業三課
14585,土谷,ツチヤ,tsuchiya,慶二(first),ケイジ,Keiji,男,8010824 福岡県 北九州市門司区 丸山吉野町,1979-09-27,営業二課
14656,境,サカイ,sakai,精児,セイジ,seiji,男,8710903 福岡県 築上郡上毛町 八ツ並,1970-05-13,営業一課
14674,安達,ｱﾀﾞﾁ,adachi,奈月,ナツキ,natsuki,女,7541277 山口県 山口市 阿知須,1991-10-15,営業三課
14727,若杉,ワカスギ,wakasugi,晋也(シンヤ),シンヤ,shinya,男,9220834 石川県 加賀市 美谷が丘,1992-08-02,営業三課
14752,寺島,テラシマ,terashima,明,アキラ,akira,男,3940034 長野県 岡谷市 湖畔,1989-03-11,営業三課
14776,川島,カワシマ,kawashima,光良,テルヨシ,teruyoshi,男,9880415 宮城県 本吉郡南三陸町 歌津田の浦,1968-03-16,営業二課
14843,美木,ミキ,miki,光,ヒカル,hikaru,女,0280512 岩手県 遠野市 東上組町,1996-08-16,営業三課
14887,相川,ｱｲｶﾜ,aikawa,瞬,シュン,shun,男,8100028 福岡県 福岡市中央区 浄水通,1994-11-14,営業二課
14906,斉藤,ｻｲﾄｳ,saitou,聡,サトシ,satoshi,男,6751342 兵庫県 小野市 阿形町,1973-04-25,営業三課
14933,寺島,テラシマ,terashima,良介,リョウスケ,ryousuke,男,0260042 岩手県 釜石市 源太沢町,1990-09-12,営業二課
14954,神崎,カンザキ,kannzaki,瞬(下の名前),シュン,shun,男,2770823 千葉県 柏市 布施新町,1974-08-18,営業四課
14963,松下,マツシタ,matsushita,智花,トモカ,tomoka,女,6008162 京都府 京都市下京区 堺町,1968-12-10,営業一課
14985,秦,ハタ,hata,ケンイチ,ケンイチ,kenichi,男,1631113 東京都 新宿区 西新宿新宿スクエアタワー,1975-10-31,営業五課
15014,新垣,ﾆｲｶﾞｷ,niigaki,勇一,ユウイチ,yuuichi,男,5900985 大阪府 堺市堺区 戎島町,1997-07-07,営業一課
15032,重松,シゲマツ,shigematsu,慶二,ケイジ,keiji,男,9811517 宮城県 角田市 毛萱,1969-02-14,営業二課
15133,品川,ｼﾅｶﾞﾜ,shinagawa,怜奈,レイナ,reina,女,5030957 岐阜県 大垣市 上屋,1992-12-23,営業二課
15142,阿部,アベ,abe,勇,ユウ,yuu,女,9301413 富山県 中新川郡立山町 天狗平,1968-03-28,営業五課
15154,庄司,ｼｮｳｼﾞ,shouji,右京,ウキョウ,ukyou,男,3290319 栃木県 栃木市 藤岡町中根,1971-01-27,営業三課
15221,小倉,オグラ,ogura,妃里,ユリ,yuri,女,5600011 大阪府 豊中市 上野西,1980-02-26,営業五課
15306,境,ｻｶｲ,sakai,あき(アキ),アキ,Aki,女,3001335 茨城県 稲敷郡河内町 生板鍋子新田,1976-07-31,営業二課
15376,妹尾,ｾｵ,pseo,晋也(シンヤ),シンヤ,Shinya,男,9302237 富山県 富山市 打出,1997-06-22,営業四課
15386,哀川,アイカワ,aikawa,季衣,トシエ,Toshie,女,8640026 熊本県 荒尾市 牛水,1971-11-23,営業四課
15447,本田,ﾎﾝﾀﾞ,honnda,育子,イクコ,ikuko,女,2430112 神奈川県 愛甲郡清川村 煤ケ谷,1991-06-20,営業三課
15568,庄司,ショウジ,shouji,勇,ユウ,yuu,女,6691331 兵庫県 三田市 広野,1987-04-16,営業二課
15624,永瀬,ナガセ,nagase,明慶,アキヨシ,akiyoshi,男,5030004 岐阜県 大垣市 新開町,1970-05-23,営業四課
15625,喜多,キタ,kita,夏希,ナツキ,natsuki2,女,6110042 京都府 宇治市 小倉町,1973-03-02,営業二課
15648,高樹,タカギ,takagi,莉央(リオ),リオ,Rio,女,5142317 三重県 津市 安濃町前野,1971-09-23,営業三課
15708,吉川,ﾖｼｶﾜ,yoshikawa,寛治,カンジ,kanji,男,8800877 宮崎県 宮崎市 宮脇町,1996-04-12,営業四課
15729,川本,ｶﾜﾓﾄ,kawamoto,洋,ヨウ,You,男,8750075 大分県 臼杵市 中尾,1974-03-07,営業五課
15735,武,タケ,take,有海,アミ,ami,女,9896133 宮城県 大崎市 古川西荒井,1997-01-10,営業二課
15739,合田,ｱｲﾀﾞ,aida,愛,アイ,ai,女,5316013 大阪府 大阪市北区 大淀中梅田スカイビルタワーイース,1981-04-22,営業五課
15776,武,タケ,stake,瞬,シュン,shun,男,2206002 神奈川県 横浜市西区 みなとみらいクイーンズタワーＡ,1987-02-20,営業一課
15803,小田,オダ,oda,功補,コウスケ,kousuke,男,6730862 兵庫県 明石市 松が丘,2001-05-02,営業五課
15810,坂本,サカモト,sakamoto,亮,リョウ,ryou,男,1506136 東京都 渋谷区 渋谷渋谷スクランブルスクエア,1969-08-25,営業二課
15817,菅野,ｽｶﾞﾉ,szugano,達士,タツヒト,Tatsuhito,男,7400062 山口県 玖珂郡和木町 瀬田,1971-10-22,営業五課
15835,小島,コジマ,kojima,雅功,マサトシ,Masatoshi,男,7840020 高知県 安芸市 西浜,1983-07-14,営業五課
15881,寺尾,テラオ,terao,理紗,リサ,risa,女,6060098 京都府 京都市左京区 上高野沢渕町,1978-12-16,営業四課
15904,山形,ヤマガタ,yamagata,茜,アカネ,Akane,女,7560832 山口県 山陽小野田市 南竜王町,1983-12-21,営業一課
15909,金子,カネコ,kaneko,美希,ミキ,miki,女,9902433 山形県 山形市 鳥居ケ丘,1989-10-14,営業二課
15909,武田,タケダ,takeda,広司(名),コウジ,kouji,男,9812186 宮城県 伊具郡丸森町 小坊木北,1981-11-15,営業四課
15912,下川,シモカワ,shimokawa,一徳,イットク,ittoku,男,8160873 福岡県 春日市 日の出町,1984-09-08,営業二課
15914,菅野,カンノ,kanno,沙耶,サヤ,Saya,女,5690063 大阪府 高槻市 南庄所町,1990-02-08,営業五課
15949,庄司,ショウジ,shouji,幸子,サチコ,sachiko,女,8330047 福岡県 筑後市 若菜,1992-08-04,営業二課
15974,荻原,ハギワラ,hagiwara,育二(first),イクジ,ikuji,男,9635683 福島県 東白川郡棚倉町 下山本,1993-10-02,営業四課
16074,塩谷,ｼｵﾔ,shioya,克実,カツミ,katsumi,男,4092402 山梨県 南巨摩郡身延町 下八木沢,1987-01-28,営業一課
16074,近藤,コンドウ,konndou,広司,コウジ,kouji,男,7080822 岡山県 津山市 林田,1999-09-03,営業四課
16082,井手,イデ,ide,さやか,サヤカ,sayaka,女,9800866 宮城県 仙台市青葉区 川内三十人町,1999-12-25,営業三課
16083,若杉,ﾜｶｽｷﾞ,wakaqsugi,美咲,ミサキ,misaki,女,3211506 栃木県 日光市 足尾町下間藤,1969-05-05,営業一課
16085,児玉,コダマ,kodama,未來(ミライ),ミライ,Mirai,女,8171234 長崎県 対馬市 豊玉町佐志賀,1993-06-12,営業四課
16098,坂本,サカモト,sakamoto,ひとみ,ヒトミ,Hitomi,女,8533322 長崎県 南松浦郡新上五島町 阿瀬津郷,1997-11-16,営業四課
16136,阪口,サカグチ,sakaguchi,(名前.)慶二,ケイジ,Keiji,男,4020033 山梨県 都留市 境,1971-04-05,営業一課
16168,荻原,ﾊｷﾞﾜﾗ,hagiwara,亜希,アキ,aki,女,6660215 兵庫県 川辺郡猪名川町 島,1992-11-23,営業一課
16175,豊田,トヨタ,toyota,さやか,サヤカ,Sayaka,女,9638033 福島県 郡山市 亀田,1972-12-31,営業一課
16194,緒形,ｵｶﾞﾀ,ogata,華子,ハナコ,hanako,女,5011183 岐阜県 岐阜市 則松,1990-03-07,営業一課
16209,本田,ホンダ,honnda,(名)奈央,ナオ,nao,女,9380024 富山県 黒部市 高橋,1985-07-13,営業四課
16216,織田,ｵﾀﾞ,oeda,浩介,コウスケ,Kousuke,男,9230948 石川県 小松市 錦町,1994-11-11,営業二課
16237,安藤,アンドウ,anndou,陽介,ヨウスケ,yousuke,男,6048343 京都府 京都市中京区 上黒門町,1991-04-05,営業四課
16317,新垣,ニイガキ,niigaki,まひる,マヒル,mahiru,女,5110423 三重県 いなべ市 北勢町平野新田,1980-12-30,営業三課
16354,川村,カワムラ,kawamura,知世,チセ,chise,女,2430217 神奈川県 厚木市 三田南,1983-07-22,営業二課
16364,松下,マツシタ,matsushita,賢治,ケンジ,Kenji,男,4060036 山梨県 笛吹市 石和町窪中島,1992-08-19,営業二課
16390,大野,オオノ,oono,なつみ,ナツミ,natsumi,女,1630518 東京都 新宿区 西新宿新宿野村ビル,1996-10-27,営業四課
16430,松井,マツイ,matsrui,美佳,ミカ,mika,女,7550035 山口県 宇部市 西琴芝,1992-11-15,営業五課
16440,菅野,カンノ,kanno,功補(コウスケ),コウスケ,kousuke,男,3191107 茨城県 那珂郡東海村 豊白,1969-07-28,営業五課
16502,多岐川,タキガワ,takigawa,美紀,ミキ,miki,女,5091105 岐阜県 加茂郡白川町 河岐,1996-04-21,営業三課
16502,北川,ｷﾀｶﾜ,kitakawa,莉央(リオ),リオ,rio,女,7193157 岡山県 真庭市 別所,1976-11-30,営業三課
16505,笠原,カサハラ,kasahara,(名前)ひとみ,ヒトミ,hitomi,女,9880143 宮城県 気仙沼市 松崎地生,1990-04-30,営業三課
16527,阿部,アベ,abe,亮介,リョウスケ,Ryousuke,男,9300287 富山県 中新川郡舟橋村 稲荷,1985-09-19,営業二課
16549,井手,ｲﾃﾞ,ide,勇,ユウ,yuu,女,8000218 福岡県 北九州市小倉南区 沼新町,1994-03-17,営業三課
16557,庄司,ショウジ,shouji,功補,コウスケ,kousuke,男,8730421 大分県 国東市 武蔵町糸原,1970-07-31,営業二課
16565,ほしの,ホシノ,hoshino,勇一,ユウイチ,yuuichi,男,2720115 千葉県 市川市 富浜,2000-05-18,営業五課
16594,小畑,オバタ,obata,ケンイチ,ケンイチ,Kenichi,男,0392664 青森県 上北郡東北町 乙供,1988-07-27,営業五課
16610,織田,オダ,oda,洋介,ヨウスケ,Yousuke,男,5097721 岐阜県 恵那市 明智町大泉,1998-08-06,営業三課
16634,川田,カワタ,kawata,瞬,シュン,shun,男,1130031 東京都 文京区 根津,1995-10-03,営業二課
16646,石黒,イシグロ,ishiguro,理紗(リサ),リサ,risa,女,5590015 大阪府 大阪市住之江区 南加賀屋,1982-10-17,営業三課
16691,菅野,スガノ,sugano,(名前)広之,ヒロユキ,Hiroyuki,男,0231117 岩手県 奥州市 江刺南町,1989-09-16,営業四課
16691,滝川,ﾀｷｶﾞﾜ,takigawa,美幸,ミユキ,miyuki,女,6751101 兵庫県 加古郡稲美町 下草谷,1982-04-16,営業一課
16693,井沢,イザワ,izawa,美咲,ミサキ,misaki,女,9230912 石川県 小松市 新町,1994-03-07,営業二課
16815,秋元,アキモト,akimoto,惇,アツシ,atsushi,男,8290341 福岡県 築上郡築上町 宇留津,1981-02-02,営業三課
16879,永井,ﾅｶﾞｲ,nagai,徹(- 名),トオル,tooru,男,6711533 兵庫県 揖保郡太子町 竹広,1989-04-26,営業五課
16943,野村,ノムラ,nomura,那奈,ナナ,Nana,女,0294503 岩手県 胆沢郡金ケ崎町 西根,1975-01-16,営業三課
16957,沢田,サワダ,sawada,(名.)洋,ヨウ,you,男,9380804 富山県 黒部市 宮野,1976-01-24,営業一課
16988,上山,ｶﾐﾔﾏ,kamiyama,涼,リョウ,Ryou,女,7930067 愛媛県 西条市 坂元甲,1999-11-05,営業五課
16998,松澤,マツザワ,matsuzawa,(名)妃里,ユリ,yuri,女,6148075 京都府 八幡市 八幡三反長,1970-11-20,営業二課
17007,ほしの,ホシノ,hoshino,勇一,ユウイチ,yuuichi,男,6492104 和歌山県 西牟婁郡上富田町 岩崎,1985-05-16,営業二課
17011,劇団,ゲキダン,gekidan,孝太郎,コウタロウ,Koutarou,男,7991351 愛媛県 西条市 三津屋,1969-12-20,営業四課
17073,八木,ヤギ,yagi,奈央,ナオ,Nao,女,6700066 兵庫県 姫路市 藤ケ台,1984-09-13,営業二課
17128,羽田,ハダ,hada,光博,ミツヒロ,mitsuhiro,男,7420002 山口県 柳井市 山根,1993-05-14,営業二課
17138,河野,コウノ,kouno,優,ユウ,yuu,女,5730124 大阪府 枚方市 津田南町,1976-12-07,営業四課
17155,八木,ヤギ,yagi,蒼甫,ソウスケ,sousuke,男,9392363 富山県 富山市 八尾町新田,1973-07-21,営業四課
17210,大河内,オオコウチ,ookouchi,勤,ツトム,tsutomu,男,5203024 滋賀県 栗東市 小柿,1973-12-13,営業三課
17215,相川,アイカワ,aikawa,洋,ヨウ,You,男,0270045 岩手県 宮古市 老木,1995-08-18,営業四課
17251,木戸,キド,kido,光洋,ミツヒロ,Mitsuhiro,男,5090254 岐阜県 可児市 長洞,1969-12-30,営業四課
17352,阪口,サカグチ,sakaguchi,はじめ(ハジメ),ハジメ,hajime,男,0270371 岩手県 宮古市 田老水沢,1981-09-13,営業四課
17361,日下,ﾋﾉｼﾀ,hinoshitxa,沙耶,サヤ,saya,女,6168277 京都府 京都市右京区 梅ケ畑広芝町,1976-12-22,営業一課
17593,有田,アリタ,arita,真吾,シンゴ,shingo,男,9270304 石川県 鳳珠郡能登町 柿生,1990-11-13,営業二課
17595,永瀬,ナガセ,nagaose,優一,ユウイチ,Yuuichi,男,6680207 兵庫県 豊岡市 出石町伊豆,1999-11-07,営業一課
17701,稲田,イナダ,inada,(名 -)さとみ,サトミ,satomi,女,6710221 兵庫県 姫路市 別所町別所,2000-10-19,営業一課
17831,小畑,ｵﾊﾞﾀ,obata,サンタマリア,サンタマリア,stmaria,女,9872188 宮城県 栗原市 高清水小山下,1997-07-27,営業一課
17858,永瀬,ナガセ,nagqase,明慶,アキヨシ,akiyoshi,男,2701514 千葉県 印旛郡栄町 酒直台,1976-09-06,営業二課
17901,大島,ｵｵｼﾏ,ooshima,勤(ツトム),ツトム,tsutomu,男,2740806 千葉県 船橋市 二和西,1994-11-18,営業三課
17919,細野,ﾎｿﾉ,hosono,陽介,ヨウスケ,yousuke,男,0300901 青森県 青森市 港町,1989-01-10,営業一課
17957,坂口,ｻｶｸﾞﾁ,sakaguchi,勇,ユウ,yuu,女,9013806 沖縄県 島尻郡南大東村 池之沢,1999-07-01,営業五課
17960,北川,ｷﾀｶﾜ,kitakawa,ヒカル,ヒカル,Hikaru,女,6293401 京都府 京丹後市 久美浜町十楽,1988-04-21,営業一課
17964,田畑,ﾀﾊﾞﾀ,tabata,ケンイチ,ケンイチ,kenichi,男,6660007 兵庫県 川西市 鴬が丘,1968-05-30,営業四課
17970,藤田,フジタ,fujita,美希,ミキ,miki,女,1250002 東京都 葛飾区 西亀有,1998-11-02,営業三課
18001,門田,カドタ,kadota,亮(リョウ),リョウ,ryou,男,3270023 栃木県 佐野市 相生町,1982-11-23,営業一課
18041,北島,キタジマ,kitajima,美佳,ミカ,Mika,女,4040054 山梨県 甲州市 塩山藤木,1987-02-15,営業二課
18126,新井,アライ,arai,博明,ヒロアキ,hiroaki,男,6210862 京都府 亀岡市 西町,1990-10-23,営業二課
18198,片瀬,カタセ,katase,一徳,イットク,ittoku,男,6711223 兵庫県 姫路市 網干区坂上,1987-06-12,営業五課
18288,川島,カワシマ,kawashima,憲一(下の名前),ケンイチ,kenichi,男,6038023 京都府 京都市北区 上賀茂東上之段町,1972-07-04,営業一課
18296,山内,ヤマノウチ,yamanouchi,まなみ,マナミ,Manami,女,6048045 京都府 京都市中京区 円福寺前町,1992-06-30,営業三課
18302,須藤,スドウ,sudou,涼,リョウ,ryou,女,5111109 三重県 桑名市 長島町松之木,1985-02-15,営業五課
18316,哀川,アイカワ,aikawa,雅彦,マサヒコ,masahiko,男,2850865 千葉県 佐倉市 南臼井台,1979-04-13,営業二課
18369,岡山,ｵｶﾔﾏ,okayama,(名 -)ひろ子,ヒロコ,hiroko,女,0370051 青森県 五所川原市 弥生町,1992-10-02,営業三課
18443,哀川,アイカワ,aikawa,(名前.)昴,スバル,Subaru,男,3111125 茨城県 水戸市 大場町,1978-01-26,営業四課
18476,羽田,ﾊﾀ,hata,浩太郎,コウタロウ,Koutarou,男,5096135 岐阜県 瑞浪市 薬師町,1978-08-15,営業一課
18544,坂元,サカモト,sakamoto,勤,ツトム,tsutomu,男,9850043 宮城県 塩竈市 袖野田町,1979-11-15,営業五課
18581,滝川,タキガワ,takigawa,寛治(カンジ),カンジ,kanji,男,6801437 鳥取県 鳥取市 大畑,1994-02-01,営業二課
18621,斉藤,サイトウ,saitou,花緑,カロク,karoku,男,1710042 東京都 豊島区 高松,1986-05-03,営業二課
18635,伊沢,イザワ,izawma,広司(_名前),コウジ,kouji,男,1006120 東京都 千代田区 永田町山王パークタワー,1978-02-06,営業二課
18643,井手,イデ,ide,亮介,リョウスケ,Ryousuke,男,2530084 神奈川県 茅ヶ崎市 円蔵,2001-04-06,営業四課
18724,合田,アイダ,aida,徹(トオル),トオル,tooru,男,9320064 富山県 小矢部市 谷坪野,1968-07-15,営業二課
18762,日下,ヒノシタ,hinoshita,倫子,ノリコ,noriko,女,5161245 三重県 度会郡度会町 川上,1974-04-07,営業一課
18799,北川,ｷﾀｶﾜ,kitakawa,祐一,ユウイチ,Yuuichi,男,6400343 和歌山県 和歌山市 江南,1993-02-10,営業四課
18877,児島,ｺｼﾞﾏ,kojima,ケンイチ,ケンイチ,kenichi,男,5130046 三重県 鈴鹿市 南堀江,2000-05-06,営業二課
18960,松井,マツイ,matsui,一徳,イットク,Ittoku,男,7190112 岡山県 浅口市 金光町須恵,1998-02-24,営業一課
18965,瀬尾,ｾｵ,seo,紗季,サキ,saki,女,7968015 愛媛県 八幡浜市 国木,1977-04-04,営業一課
18991,伊藤,ｲﾄｳ,itou,涼,リョウ,ryou,女,9901301 山形県 西村山郡朝日町 中沢,1968-08-01,営業一課
19040,安藤,ｱﾝﾄﾞｳ,anndou,遥,ハルカ,Haruka,女,8592316 長崎県 南島原市 南有馬町己,1992-11-03,営業五課
19106,森谷,モリヤ,moriya,雅功,マサトシ,masatoshi,男,9970162 山形県 鶴岡市 羽黒町細谷,1970-12-02,営業五課
19127,哀川,アイカワ,baikawa,さゆり,サユリ,Sayuri,女,5010403 岐阜県 本巣市 北野,1968-06-14,営業四課
19202,とよた,トヨタ,toyota,優(_名前),ユウ,Yuu,女,3130122 茨城県 常陸太田市 玉造町,1977-06-03,営業二課
19219,永瀬,ナガセ,nagase,勇一,ユウイチ,yuuichi,男,9070452 沖縄県 石垣市 崎枝,1973-02-25,営業四課
19247,川野,カワノ,kawano,沙耶,サヤ,saya,女,2870233 千葉県 成田市 稲荷山,1976-04-18,営業二課
19289,安部,アベ,abe,俊二,シュンジ,shunji,男,7940073 愛媛県 今治市 矢田,1996-05-24,営業四課
19294,峰,ﾐﾈ,mine,倫子,ノリコ,noriko,女,3230153 栃木県 小山市 延島新田,1990-06-19,営業三課
19294,若杉,ワカスギ,wakasugi,(名前)雄太,ユウタ,yuuta,男,7880026 高知県 宿毛市 自由ケ丘,1990-07-07,営業三課
19306,川島,カワシマ,kawashima,莉沙,リサ,risa,女,9391417 富山県 砺波市 頼成新,1976-04-11,営業二課
19354,手塚,ﾃﾂﾞｶ,teduka,那奈,ナナ,nana,女,6696433 兵庫県 美方郡香美町 香住区沖浦,1988-08-15,営業一課
19378,坂元,サカモト,sakamoto,亮介,リョウスケ,ryousuke,男,2920054 千葉県 木更津市 長須賀,1981-03-20,営業四課
19424,上山,カミヤマ,kamiyama,(名- )サンタマリア,サンタマリア,stmaria,男,5830992 大阪府 南河内郡太子町 山田,1992-10-11,営業五課
19430,田口,タグチ,taguchi,美佳,ミカ,mika,女,2840012 千葉県 四街道市 物井,1988-02-01,営業四課
19503,近藤,コンドウ,kondou,徹(first),トオル,tooru,男,7813102 高知県 高知市 鏡小浜,1984-11-02,営業四課
19529,美輪,ミワ,miwa,那奈,ナナ,Nana,女,6700055 兵庫県 姫路市 神子岡前,1983-07-22,営業四課
19548,日下,ヒノシタ,hinoshita,憲一,ケンイチ,Kenichi,男,9694736 福島県 耶麻郡西会津町 奥川元島,1979-08-03,営業四課
19641,川田,カワタ,kawata,(名_)浩介,コウスケ,Kousuke,男,3811212 長野県 長野市 松代町牧島,1973-02-01,営業三課
19680,多岐川,タキガワ,takiwgawa,那奈,ナナ,nana,女,9640938 福島県 二本松市 安達ケ原,1969-07-08,営業五課
19748,荻原,ハギワラ,hagiwara,(名前.)照生,テルオ,teruo,男,3114162 茨城県 水戸市 金谷町,1993-08-10,営業四課
19792,荒井,アライ,abrai,高史,タカシ,takashi,男,8500872 長崎県 長崎市 寺町,1968-10-12,営業五課
19806,神崎,カンザキ,kanzaki,南朋,ナオ,nao,女,5070801 岐阜県 多治見市 東町,1970-06-29,営業二課
19863,森谷,モリヤ,moriya,雅功,マサトシ,masatoshi,男,5030936 岐阜県 大垣市 内原,1999-10-08,営業五課
19912,羽田,ﾊﾀ,hata,玲那,レナ,rena,女,5940013 大阪府 和泉市 鶴山台,1985-04-29,営業四課
19912,片平,カタヒラ,katahira,(名前.)賢治,ケンジ,Kenji,男,2100815 神奈川県 川崎市川崎区 大師公園,1968-10-17,営業五課
19950,本田,ホンダ,honnda,ひとり,ヒトリ,hitori,男,6301233 奈良県 奈良市 邑地町,1968-02-15,営業一課
